number,title,link,source_id,published_at,state,transcript_source,discovered_at
1,Der Rasenfunk Kurzpass - die Nullnummer,https://audio.podigee-cdn.net/15195-m-c6c6fa674e8d1a6372719bc27685cfe8.m4a?source=feed,1000369099180,2016-05-21T07:12:45Z,done,apple,2026-06-14T09:25:57+00:00
2,Sonderfolge: Rasenfunk Supporters Club,https://audio.podigee-cdn.net/15249-m-f804c9f6e4cd781ee4a29c14b8061f03.m4a?source=feed,1000372175885,2016-07-09T08:28:41Z,done,apple,2026-06-14T09:25:57+00:00
3,Stuttgart nach dem Luhukay-Rücktritt,https://audio.podigee-cdn.net/15253-m-ab83e4250e374bfa029c9ae803ed5052.m4a?source=feed,1000375353962,2016-09-15T20:44:16Z,done,apple,2026-06-14T09:25:57+00:00
4,Rasenfunk Royal XS: Alles zur 2. Bundesliga,https://audio.podigee-cdn.net/15305-m-177cea60afc45358e311ab841480637f.m4a?source=feed,1000620748342,2016-12-23T16:09:10Z,done,apple,2026-06-14T09:25:57+00:00
5,Juventus Turin vor dem Champions League-Finale,https://audio.podigee-cdn.net/15261-m-dee58cbd9e1fa6c6e249464e01f8e942.m4a?source=feed,1000385988034,2017-05-31T08:20:42Z,done,apple,2026-06-14T09:25:57+00:00
6,Rasenfunk Royal XS: Die Saison der Zweiten Liga,https://audio.podigee-cdn.net/15332-m-fedf568bdec12f13c54d76bea6d12020.m4a?source=feed,1000620748341,2017-06-03T15:19:30Z,done,apple,2026-06-14T09:25:57+00:00
7,Barca nach dem Neymar-Wechsel,https://audio.podigee-cdn.net/15262-m-f698c74d2323185f5874fe656ad2caa5.m4a?source=feed,1000390667133,2017-08-04T09:17:51Z,done,apple,2026-06-14T09:25:57+00:00
8,Die Weltmeister von morgen?,https://audio.podigee-cdn.net/15270-m-ceb4bccaf9c70075c2b3b7b8a0f8dccb.m4a?source=feed,1000399258632,2018-01-07T03:35:17Z,done,apple,2026-06-14T09:25:57+00:00
9,"Premier League, what's up? (#28)",https://audio.podigee-cdn.net/15271-m-e56988019293e9f3a39d0c44072d63e1.m4a?source=feed,1000404173804,2018-02-28T12:00:19Z,done,apple,2026-06-14T09:25:57+00:00
10,"Serie A, cosa succede in italia? (#27)",https://audio.podigee-cdn.net/15272-m-a0e39f8b9025774d73aece62dcbacdc2.m4a?source=feed,1000405520309,2018-03-08T11:04:38Z,done,apple,2026-06-14T09:25:57+00:00
11,"La Liga, qué pasa? (#28)",https://audio.podigee-cdn.net/15274-m-fd0a803df5af8d8aa16bac2531aa394d.m4a?source=feed,1000406104279,2018-03-12T18:08:42Z,done,apple,2026-06-14T09:25:57+00:00
12,"Ligue 1, quoi de neuf? (#30)",https://audio.podigee-cdn.net/15278-m-a4556502adfa9f891ec45d17973ee081.m4a?source=feed,1000407261704,2018-03-23T11:38:34Z,done,apple,2026-06-14T09:25:57+00:00
13,"Premier League, what's up? (#32)",https://audio.podigee-cdn.net/15280-m-6ff5f056999fa9299b91ba83b4c8aae7.m4a?source=feed,1000408313286,2018-04-06T17:10:41Z,done,apple,2026-06-14T09:25:57+00:00
14,"Serie A, cosa succede in italia? (#31)",https://audio.podigee-cdn.net/15282-m-c4924aec5072519093aff015f694dcc1.m4a?source=feed,1000408820953,2018-04-13T09:55:25Z,done,apple,2026-06-14T09:25:57+00:00
15,Thomas Broich zur australischen A-League,https://audio.podigee-cdn.net/17028-m-0191fbfa2739d50b21998f6135c90fbf.m4a?source=feed,1000410943436,2018-05-08T09:04:49Z,done,apple,2026-06-14T09:25:57+00:00
16,Cristiano Ronaldos Wechsel zu Juve,https://audio.podigee-cdn.net/30957-m-272b45b395e963c45eb3edd96c17bcc0.m4a?source=feed,1000415620892,2018-07-11T14:58:31Z,done,apple,2026-06-14T09:25:57+00:00
17,"Premier League, what's up? (4. Spieltag)",https://audio.podigee-cdn.net/37749-m-cc2fd6a9cb697b0a20d826a0fb071332.m4a?source=feed,1000418811166,2018-08-30T10:39:23Z,done,apple,2026-06-14T09:25:57+00:00
18,"La Liga, qué pasa? (4. Spieltag)",https://audio.podigee-cdn.net/40593-m-5161f791321bf458f4ffeb9924feeaf6.m4a?source=feed,1000420185678,2018-09-21T11:26:16Z,done,apple,2026-06-14T09:25:57+00:00
19,"Premier League, what's up? (7. Spieltag)",https://audio.podigee-cdn.net/42708-m-ef5affbb1258b374e36f5b03167734c1.m4a?source=feed,1000421073776,2018-10-04T10:16:34Z,done,apple,2026-06-14T09:25:57+00:00
20,"Ligue 1, quoi de neuf? (#9)",https://audio.podigee-cdn.net/43698-m-4a3728bd70d83fa6201451a18350762a.m4a?source=feed,1000421444748,2018-10-09T20:17:35Z,done,apple,2026-06-14T09:25:57+00:00
21,"Serie A, cosa succede in Italia? (#8)",https://audio.podigee-cdn.net/44817-m-83bae9f94cb45c19105591121936c003.m4a?source=feed,1000422087480,2018-10-18T09:19:52Z,done,apple,2026-06-14T09:25:57+00:00
22,"La Liga, qué pasa? (11. Spieltag)",https://audio.podigee-cdn.net/50010-m-9308f664658994fe0dd3611d1e144848.m4a?source=feed,1000423470813,2018-11-08T16:10:45Z,done,apple,2026-06-14T09:25:57+00:00
23,"Premier League, what's up? (12. Spieltag)",https://audio.podigee-cdn.net/53147-m-9b5fc78ef4c09f49d9fbba1ccaa640b1.m4a?source=feed,1000423970986,2018-11-16T09:19:10Z,done,apple,2026-06-14T09:25:57+00:00
24,Der Superclásico,https://audio.podigee-cdn.net/56268-m-05e4a6f9117ff5d9808a5b13afa0a574.m4a?source=feed,1000424290194,2018-11-21T13:11:13Z,done,apple,2026-06-14T09:25:57+00:00
25,Atlanta Uniteds Meisterstück in der Major League Soccer,https://audio.podigee-cdn.net/60093-m-95d624b13f9446899f4822fcdce8258a.m4a?source=feed,1000425595211,2018-12-11T17:24:06Z,done,apple,2026-06-14T09:25:57+00:00
26,Der Superclásico (Teil 2),https://audio.podigee-cdn.net/60405-m-53cc4d3ec7d40bef218deaf5e231d8de.m4a?source=feed,1000425653528,2018-12-12T14:07:57Z,done,apple,2026-06-14T09:25:57+00:00
27,"Neler oluyor, Süper Lig? (16. Spieltag)",https://audio.podigee-cdn.net/61575-m-6d46730174ee63f4ac663025f67ba415.m4a?source=feed,1000426048612,2018-12-18T16:48:25Z,done,apple,2026-06-14T09:25:57+00:00
28,"Premier League, what's up? (17. Spieltag)",https://audio.podigee-cdn.net/61811-m-32992f396e5a9bae649ee1b39d491927.m4a?source=feed,1000426126398,2018-12-19T12:51:31Z,done,apple,2026-06-14T09:25:57+00:00
29,The Anfield Wrap über Liverpools Höhenflug,https://audio.podigee-cdn.net/64790-m-10538c547d9b8545bcb2da78cebc6e47.m4a?source=feed,1000427452793,2019-01-11T13:31:28Z,done,apple,2026-06-14T09:25:57+00:00
30,"La Liga, qué pasa? (20. Spieltag)",https://audio.podigee-cdn.net/68026-m-6b648c4248b62d36c2613fbffcbc7946.m4a?source=feed,1000428446912,2019-01-25T11:34:18Z,done,apple,2026-06-14T09:25:57+00:00
31,"Serie A, cosa succede in Italia? (#21)",https://audio.podigee-cdn.net/69233-m-e061d0373cd780cda6d593fd349139f3.m4a?source=feed,1000428896973,2019-01-31T22:47:13Z,done,apple,2026-06-14T09:25:57+00:00
32,"Premier League, what's up? (25. Spieltag)",https://audio.podigee-cdn.net/70757-m-c559e684e3a3155909c35ebb6bc8918c.m4a?source=feed,1000429459134,2019-02-08T13:07:42Z,done,apple,2026-06-14T09:25:57+00:00
33,"Ligue 1, quoi de neuf? (#24)",https://audio.podigee-cdn.net/71329-m-2f756f7964ac69e5a6a3e263118caee7.m4a?source=feed,1000429697740,2019-02-12T10:22:38Z,done,apple,2026-06-14T09:25:57+00:00
34,Die größten Talente des Weltfußballs,https://audio.podigee-cdn.net/71578-m-4802a814b0d6a7e4e771f38cdd1a3c6f.m4a?source=feed,1000429841097,2019-02-14T08:07:52Z,done,apple,2026-06-14T09:25:57+00:00
35,"La Liga, qué pasa? (25. Spieltag)",https://audio.podigee-cdn.net/74895-m-bbba1e53da584905779c0be3b286d34b.m4a?source=feed,1000430788840,2019-02-28T10:27:49Z,done,apple,2026-06-14T09:25:57+00:00
36,"Primeira Liga, como estás?",https://audio.podigee-cdn.net/76580-m-ee50dabab767ec2fd781fb2446a4282d.m4a?source=feed,1000431323746,2019-03-07T21:36:16Z,done,apple,2026-06-14T09:25:57+00:00
37,"Eredivisie, hoe gaat het? (26. Spieltag)",https://audio.podigee-cdn.net/81023-m-ce7928fa4eeb14ef7622874bff9e3cf6.m4a?source=feed,1000433742305,2019-03-29T11:20:44Z,done,apple,2026-06-14T09:25:57+00:00
38,"2. Bundesliga, was geht? (30. Spieltag)",https://audio.podigee-cdn.net/86443-m-a01211acb6301056bb9aee9e5e656c79.m4a?source=feed,1000436129841,2019-04-23T06:47:46Z,done,apple,2026-06-14T09:25:57+00:00
39,"Serie A, cosa succede in Italia? (#34)",https://audio.podigee-cdn.net/88603-m-39aeaf35b7839489534438fb703b8639.m4a?source=feed,1000437046149,2019-05-02T09:15:22Z,done,apple,2026-06-14T09:25:57+00:00
40,"2. Bundesliga, was geht? (31. Spieltag)",https://audio.podigee-cdn.net/88782-m-b4472200d0a1164d467a00265dd802cf.m4a?source=feed,1000437086073,2019-05-02T20:24:04Z,done,apple,2026-06-14T09:25:57+00:00
41,"2. Bundesliga, was geht? (32. Spieltag)",https://audio.podigee-cdn.net/89719-m-b974c29b302e5f3f37f5254fae96576d.m4a?source=feed,1000437499995,2019-05-08T08:14:41Z,done,apple,2026-06-14T09:25:57+00:00
42,"Premier League, what's up? (Saisonbilanz)",https://audio.podigee-cdn.net/90760-m-b915392d281df5de9272da499807925c.m4a?source=feed,1000437963958,2019-05-13T09:17:28Z,no_transcript,apple,2026-06-14T09:25:57+00:00
43,"2. Bundesliga, was geht? (33. Spieltag)",https://audio.podigee-cdn.net/91035-m-dc07824efad965e85e1be68355a2fa43.m4a?source=feed,1000437999775,2019-05-13T17:11:30Z,done,apple,2026-06-14T09:25:57+00:00
44,"2. Bundesliga, was geht? (Saisonbilanz)",https://audio.podigee-cdn.net/92624-m-c63b565754f51d08fd40accc80bb44cf.m4a?source=feed,1000438855484,2019-05-20T09:12:26Z,done,apple,2026-06-14T09:25:57+00:00
45,"La Liga, qué pasa? (Saisonbilanz)",https://audio.podigee-cdn.net/92943-m-af6c5651822f50895a990c902f2cc39c.m4a?source=feed,1000438972230,2019-05-21T14:18:50Z,done,apple,2026-06-14T09:25:57+00:00
46,"2. Bundesliga, was geht? (5. Spieltag)",https://audio.podigee-cdn.net/121212-m-b91bcb527eb447248fa9063a70ce380c.m4a?source=feed,1000449420905,2019-09-11T20:13:20Z,done,apple,2026-06-14T09:25:57+00:00
47,"Premier League, what's up? (5. Spieltag)",https://audio.podigee-cdn.net/123569-m-d21d09703396d3a26b2bdbc345c95a68.m4a?source=feed,1000450206775,2019-09-18T10:45:40Z,done,apple,2026-06-14T09:25:57+00:00
48,"Ligue 1, quoi de neuf? (7. Spieltag)",https://audio.podigee-cdn.net/126226-m-6c18899e4b708b6331fd4fcbb30a8c65.m4a?source=feed,1000451435033,2019-09-27T10:12:24Z,done,apple,2026-06-14T09:25:57+00:00
49,"Serie A, cosa succede in Italia? (7. Spieltag)",https://audio.podigee-cdn.net/129698-m-987140c65598043b8362989e094ac729.m4a?source=feed,1000453000297,2019-10-10T09:25:38Z,done,apple,2026-06-14T09:25:57+00:00
50,"La Liga, qué pasa? (8. Spieltag)",https://audio.podigee-cdn.net/132411-m-b7a0720539e50fe5c80bb5b271eb03ea.m4a?source=feed,1000453908981,2019-10-17T20:42:25Z,done,apple,2026-06-14T09:25:57+00:00
51,"Premier League, what's up? (23. Spieltag)",https://audio.podigee-cdn.net/163147-m-70ea7d654cb46ab320337d0e1bb2206f.m4a?source=feed,1000463202519,2020-01-20T21:33:58Z,done,apple,2026-06-14T09:25:57+00:00
52,"Serie A, cosa succede in Italia? (21. Spieltag)",https://audio.podigee-cdn.net/165552-m-167b13a2b41f5cd4f567ac5542cc4dc5.m4a?source=feed,1000463816878,2020-01-27T16:52:59Z,done,apple,2026-06-14T09:25:57+00:00
53,"2. Bundesliga, was geht? (20. Spieltag)",https://audio.podigee-cdn.net/168974-m-a415d16c3b0088c1af803ae5469d0c4b.m4a?source=feed,1000464515159,2020-02-03T21:28:16Z,done,apple,2026-06-14T09:25:57+00:00
54,"La Liga, qué pasa? (23. Spieltag)",https://audio.podigee-cdn.net/171261-m-39717b9244be1bf9e22c8fda91c2734e.m4a?source=feed,1000465184968,2020-02-10T17:38:02Z,done,apple,2026-06-14T09:25:57+00:00
55,Die Top-Talente außerhalb Europas,https://audio.podigee-cdn.net/170066-m-5405194bc38bc9c1dfaebec6ce4665f6.m4a?source=feed,1000465922894,2020-02-18T09:25:17Z,done,apple,2026-06-14T09:25:57+00:00
56,"Ligatour 1: ESP, ENG, FRA",https://audio.podigee-cdn.net/526521-m-ac4950cad343cd3e7f68bcb1e0c2c9ed.m4a?source=feed,1000532787467,2021-08-23T08:55:40Z,done,apple,2026-06-14T09:25:57+00:00
57,"2. Bundesliga, was geht? (5. Spieltag)",https://audio.podigee-cdn.net/531320-m-2c3fbfe1e2c126c88266ecd6a404cd2a.m4a?source=feed,1000533537136,2021-08-30T09:45:38Z,done,apple,2026-06-14T09:25:57+00:00
58,"Ligatour 2: ESP, FRA, ITA, ENG",https://audio.podigee-cdn.net/547529-m-816bbb235a22bbd6dfd2b5df6589b4ed.m4a?source=feed,1000536137059,2021-09-21T10:50:34Z,done,apple,2026-06-14T09:25:57+00:00
59,"2. Bundesliga, was geht? (8. Spieltag)",https://audio.podigee-cdn.net/553176-m-3ea80a92f5238f3787e299549a0e1e49.m4a?source=feed,1000536968930,2021-09-29T08:36:00Z,done,apple,2026-06-14T09:25:57+00:00
60,"Ligatour 3: Mozzarella, Trainingsfaulheit, Saudi-Arabien und LaLigaLangeweile",https://audio.podigee-cdn.net/568071-m-e4380d89ddf2b6a731949a1b13f61eb9.m4a?source=feed,1000539051874,2021-10-19T11:25:38Z,done,apple,2026-06-14T09:25:57+00:00
61,"2. Männer-Bundesliga, was geht? (11. Spieltag)",https://audio.podigee-cdn.net/574762-m-a1c6210772ebd9c3bdf5b6a4f3ce25b2.m4a?source=feed,1000539799577,2021-10-26T17:25:56Z,done,apple,2026-06-14T09:25:57+00:00
62,"Ligatour 4: Erlöser, furiose Aufsteiger, deutscher Fußball und Schewas neues Projekt",https://audio.podigee-cdn.net/585279-m-ce584b0961abce6265a6f22a6bb81f6d.m4a?source=feed,1000541242220,2021-11-09T15:05:25Z,done,apple,2026-06-14T09:25:57+00:00
63,"Impfpässe, viel Last auf jungen Schultern und ein ""neuer"" HSV (2. Männer-Bundesliga)",https://audio.podigee-cdn.net/596994-m-146d063974dfcdb1c82c8783b3acbbfb.m4a?source=feed,1000542996186,2021-11-24T22:12:00Z,done,apple,2026-06-14T09:25:57+00:00
64,"Das neue Juve, Pochettinos Tuchelisation und zwei wilde Sevillas (Ligatour 5)",https://audio.podigee-cdn.net/608217-m-b338084d6fb47fecc91f42e751a31d57.m4a?source=feed,1000544229455,2021-12-07T17:15:55Z,done,apple,2026-06-14T09:25:57+00:00
65,"Torhüterfragen und Spaß an Sandhausen (2. Männer-Bundesliga, 18. Spieltag)",https://audio.podigee-cdn.net/621773-m-c3b19ac01f1cd9d0351c69fdaa39554c.m4a?source=feed,1000545625898,2021-12-21T11:00:23Z,done,apple,2026-06-14T09:25:57+00:00
66,Guardiola macht den Fußball kaputt (Ligatour 6),https://audio.podigee-cdn.net/643241-m-65c20f5010cf0473f38d91744500d0b4.m4a?source=feed,1000548265262,2022-01-18T18:35:56Z,done,apple,2026-06-14T09:25:57+00:00
67,Dem Club hilft nur noch Immobile (2. Männer-Bundesliga),https://audio.podigee-cdn.net/674349-m-e77fb4f2d616887bb8fa3f6ac64bb0ac.m4a?source=feed,1000551903487,2022-02-22T16:46:00Z,done,apple,2026-06-14T09:25:57+00:00
68,Sporsdirektor sucht Siegerstuhl,https://audio.podigee-cdn.net/693952-m-cb02b756698e45b060de0b7c3114057b.m4a?source=feed,1000554112676,2022-03-15T16:50:22Z,done,apple,2026-06-14T09:25:57+00:00
69,Euer Sportdirektor war wer nochmal?,https://audio.podigee-cdn.net/703838-m-3a6aeb4c1cf036f5c7369c408c0c5877.m4a?source=feed,1000554833914,2022-03-22T09:20:35Z,done,apple,2026-06-14T09:25:57+00:00
70,Der Friedhelm Funkel des Weltfußballs,https://audio.podigee-cdn.net/708647-m-c0532ce627d826452d4f9555c9fbaf1f.m4a?source=feed,1000555439340,2022-03-28T09:15:28Z,done,apple,2026-06-14T09:25:57+00:00
71,Träume von Sandhausen,https://audio.podigee-cdn.net/733184-m-a3c190048f6550f6e8f0bae7d8dca7ac.m4a?source=feed,1000557945670,2022-04-18T17:40:39Z,done,apple,2026-06-14T09:25:57+00:00
72,"Alter Walter, mein Lieberknecht, was für ein Finish, Ole!",https://audio.podigee-cdn.net/756037-m-52dc891da6dcf8f11324415e4d85923a.m4a?source=feed,1000561552830,2022-05-16T09:40:06Z,done,apple,2026-06-14T09:25:57+00:00
73,Ligatour Saisonfazit,https://audio.podigee-cdn.net/762848-m-fd65427f4121d5af646828f96986ca5f.m4a?source=feed,1000563324295,2022-05-23T15:25:33Z,done,apple,2026-06-14T09:25:57+00:00
74,Samir sam mir,https://audio.podigee-cdn.net/850325-m-f32233831ea74b8b20b925f65050f14a.m4a?source=feed,1000577070256,2022-08-23T08:35:40Z,done,apple,2026-06-14T09:25:57+00:00
75,Ligatour: Zirkus in Europa,https://audio.podigee-cdn.net/869567-m-2c8da58f3dee0d8b9c83ccead08aca05.m4a?source=feed,1000579338164,2022-09-13T13:50:10Z,done,apple,2026-06-14T09:25:57+00:00
76,Leitlwolf und Schuster-Booster (2. Männer-Bundesliga),https://audio.podigee-cdn.net/875814-m-a8fcd57ee8fc52493651f786177f3995.m4a?source=feed,1000580080307,2022-09-20T15:35:50Z,done,apple,2026-06-14T09:25:57+00:00
77,Ligatour: True Crime auf Spanisch,https://audio.podigee-cdn.net/887667-m-fbf88c882ed960cdf8e925b7e5b5a6ca.m4a?source=feed,1000581558238,2022-10-04T15:50:54Z,done,apple,2026-06-14T09:25:57+00:00
78,Schultzzuweisungen und Klaußtrophobie (2. Männer-Bundesliga),https://audio.podigee-cdn.net/894444-m-3fe278abc6945aaad7c3fa7762478813.m4a?source=feed,1000582311304,2022-10-11T17:40:29Z,done,apple,2026-06-14T09:25:57+00:00
79,"Ligatour: Auferstehung, Abschied, Abstieg",https://audio.podigee-cdn.net/915119-m-9dcc0778f9d329ff9c6a01de9e13a1af.m4a?source=feed,1000584076007,2022-10-27T09:50:54Z,no_transcript,apple,2026-06-14T09:25:57+00:00
80,"Darmstadt ist wütend, Fürth Zorniger (2. Männer-Bundesliga)",https://audio.podigee-cdn.net/933543-m-1f8424502c37f5cee7ea9f405c715b95.m4a?source=feed,1000586264702,2022-11-15T11:35:48Z,done,apple,2026-06-14T09:25:57+00:00
81,Ligatour: Trainer nicht übers Gasperini brechen,https://audio.podigee-cdn.net/1021494-m-910a7220d1d91dd57c4ef51897b1aa84.m4a?source=feed,1000599945191,2023-02-16T11:00:12Z,done,apple,2026-06-14T09:25:57+00:00
82,Von Leitllinien und Verwaltern an der Spitze (2. Männer-Bundesliga),https://audio.podigee-cdn.net/553158-m-239dea9caff670454adb9081b0ee4ed6.m4a?source=feed,1000601178577,2023-02-22T21:39:10Z,done,apple,2026-06-14T09:25:57+00:00
83,"Ligatour: Was United mag, ist ten Hag",https://audio.podigee-cdn.net/1034861-m-93bb8397089b4e904da310e7d77e2a6a.m4a?source=feed,1000602451426,2023-03-02T10:15:26Z,done,apple,2026-06-14T09:25:57+00:00
84,Magdeburg atikuliert sich (2. Männer-Bundesliga),https://audio.podigee-cdn.net/1042331-m-9e6b44f546294f7caa24aaa38dd6b550.m4a?source=feed,1000603508920,2023-03-09T21:55:37Z,done,apple,2026-06-14T09:25:57+00:00
85,Wenn die Richterin den Klub führt (Ligatour),https://audio.podigee-cdn.net/1048147-m-c90a88195f84eed02536a8cdf5450bbe.m4a?source=feed,1000604470588,2023-03-16T10:25:51Z,done,apple,2026-06-14T09:25:57+00:00
86,Pick and Goal (2. Männer-Bundesliga),https://audio.podigee-cdn.net/1055511-m-bed77a2b3ec08e52378ae5c88689102f.m4a?source=feed,1000605639107,2023-03-23T22:15:03Z,done,apple,2026-06-14T09:25:57+00:00
87,Still-Stand bei Reims und Twitchenham (Ligatour),https://audio.podigee-cdn.net/1061792-m-6d5b05a42c348748b44e36642f01fab0.m4a?source=feed,1000606575372,2023-03-30T10:00:28Z,done,apple,2026-06-14T09:25:57+00:00
88,Better Call Kreuzer (2. Männer-Bundesliga),https://audio.podigee-cdn.net/1069928-m-0488a4c4a37471cdeee3a91786b9dd87.m4a?source=feed,1000607770841,2023-04-06T20:45:06Z,done,apple,2026-06-14T09:25:57+00:00
89,Motta-Party in Bologna! (Ligatour),https://audio.podigee-cdn.net/1074618-m-68e0a5618c25a7956d6673b8149b51b8.m4a?source=feed,1000608790917,2023-04-13T12:35:37Z,done,apple,2026-06-14T09:25:57+00:00
90,Was wirst du Thioune? (2. Männer-Bundesliga),https://audio.podigee-cdn.net/1079989-m-910db6fa3e790386f31028a8cd7046d9.m4a?source=feed,1000609540716,2023-04-18T21:25:33Z,done,apple,2026-06-14T09:25:57+00:00
91,"Holding vs. Haaland, aber keine Flagge in Sicht (Ligatour)",https://audio.podigee-cdn.net/1088318-m-da3c55c4b39cedb6618d810d8379e034.m4a?source=feed,1000610846115,2023-04-27T09:40:14Z,done,apple,2026-06-14T09:25:57+00:00
92,"Fürths Zorn, Nürnbergs Strategie und Sandhausens Scoutingtrainer",https://audio.podigee-cdn.net/1094787-m-b30d64c78224d495a83472e40a4a216e.m4a?source=feed,1000611713926,2023-05-04T09:15:45Z,done,apple,2026-06-14T09:25:57+00:00
93,"Messi, Neapel und Jörg Schmadtke (Europas Top-Ligen)",https://audio.podigee-cdn.net/1102045-m-b429878e1a2b7dde10f86e00ea1c1544.m4a?source=feed,1000612615878,2023-05-11T10:25:15Z,done,apple,2026-06-14T09:25:57+00:00
94,Walters Wagenburg & Kellers Fußstapfen (2. Männer-Bundesliga),https://audio.podigee-cdn.net/1109569-m-b39ca4f31e8df8bd41daad6ddd5fe76b.m4a?source=feed,1000613434956,2023-05-17T20:40:09Z,done,apple,2026-06-14T09:25:57+00:00
95,"Rassismus in La Liga, Spalletti vor dem Aus, Favres Zukunft & Newcastles Vergangenheit",https://audio.podigee-cdn.net/1115836-m-b65de06e3736cea238cb4f689c0dba73.m4a?source=feed,1000614456844,2023-05-25T10:45:09Z,done,apple,2026-06-14T09:25:57+00:00
96,Der große 2. Liga-Rückblick,https://audio.podigee-cdn.net/1128152-m-dc0fa40fab915250abac612314d365e5.m4a?source=feed,1000620748270,2023-06-07T22:45:25Z,done,apple,2026-06-14T09:25:57+00:00
97,"Saisonbilanz Premier League, Serie A, Ligue 1 und La Liga",https://audio.podigee-cdn.net/969537-m-96690db9ea79c0037081fb3d69e3366c.m4a?source=feed,1000620748303,2023-06-14T11:40:59Z,done,apple,2026-06-14T09:25:57+00:00
98,"Tschüss ""Kurzpass"", hallo ""Ligatour""!",https://audio.podigee-cdn.net/1160400-m-ae0f7b4e8f19e999f01ac5ea6c883e62.m4a?source=feed,1000620771306,2023-07-11T12:35:21Z,done,apple,2026-06-14T09:25:57+00:00
99,"Überall Umbruch: Real, Liverpool, Inter (Europa | Männer)",https://audio.podigee-cdn.net/1216319-m-57fc42cb1be1f8aee5fae227629e749a.m4a?source=feed,1000627862056,2023-09-14T11:10:05Z,done,apple,2026-06-14T09:25:57+00:00
100,Hütter – der Xabi Alonso der Ligue 1 (Europa | Männer),https://audio.podigee-cdn.net/1216927-m-cbfbcbb68e1d15834b4161b6b4b56b84.m4a?source=feed,1000627915943,2023-09-14T20:00:38Z,done,apple,2026-06-14T09:25:57+00:00
101,Ein Dardai für alle Fälle (2. Liga Männer),https://audio.podigee-cdn.net/1222401-m-d7f322e77f71f213371f7ecfb140fbdd.m4a?source=feed,1000628622153,2023-09-20T21:00:40Z,done,apple,2026-06-14T09:25:57+00:00
102,"Mislintat, Spielabbruch und historische Krise – was ist los bei Ajax?",https://audio.podigee-cdn.net/1226820-m-efc9bed3ded723516ba8dc9a5e6a4997.m4a?source=feed,1000629176588,2023-09-26T08:20:30Z,done,apple,2026-06-14T09:25:57+00:00
103,Wen Bayern hätte kaufen müssen... (Europa | Männer),https://audio.podigee-cdn.net/1230010-m-36ed6afadb3709fd129f0762a795378b.m4a?source=feed,1000629503867,2023-09-28T10:10:17Z,done,apple,2026-06-14T09:25:57+00:00
104,Schalker Running Gag: Konstanz  (2. Liga Männer),https://audio.podigee-cdn.net/1239292-m-ce2be4e64600eb0c667fa03587310906.m4a?source=feed,1000630357719,2023-10-05T21:10:05Z,done,apple,2026-06-14T09:25:57+00:00
105,In Neapel wackelt schon der Trainerstuhl (Europa | Männer),https://audio.podigee-cdn.net/1246039-m-6f8b8102c6f18eec32ed9530ae13a0c5.m4a?source=feed,1000631072170,2023-10-12T10:15:45Z,done,apple,2026-06-14T09:25:57+00:00
106,Tindern gegen Lieberknechtkummer (2. Liga Männer & 17. Staffel Bergdoktor),https://audio.podigee-cdn.net/1260114-m-fcb6afc7ab23d7f6f50fca5051c330ae.m4a?source=feed,1000632626638,2023-10-25T21:20:46Z,done,apple,2026-06-14T09:25:57+00:00
107,Das große Problem Spielsucht (Europa | Männer),https://audio.podigee-cdn.net/1260512-m-312ba13d61fbdfb8d9c1af28b820bd76.m4a?source=feed,1000632678179,2023-10-26T09:25:15Z,done,apple,2026-06-14T09:25:57+00:00
108,Heulende Abwehrkanten – Fluminense schreibt Geschichte! (Copa Libertadores),https://audio.podigee-cdn.net/1272830-m-5b9359679c6e550b10ed8b9ce6242433.m4a?source=feed,1000634168334,2023-11-08T18:35:25Z,done,apple,2026-06-14T09:25:57+00:00
109,Messi spielt in Nürnberg (2. Liga Männer),https://audio.podigee-cdn.net/1274991-m-0236b4c85cd6600e675c3cd315f3b622.m4a?source=feed,1000634313221,2023-11-09T22:15:10Z,done,apple,2026-06-14T09:25:57+00:00
110,Burnleys Kobe Bryant zweifelt an sich (Europa | Männer),https://audio.podigee-cdn.net/1281439-m-5a6532fd36b8c9cca4f658b0c92b3bd3.m4a?source=feed,1000635023036,2023-11-16T10:15:38Z,done,apple,2026-06-14T09:25:57+00:00
111,Ist Evertons Punktabzug gerecht? (Europa | Männer),https://audio.podigee-cdn.net/1296594-m-54786743559b7e43e20b1f2cf2a5488a.m4a?source=feed,1000637039603,2023-11-30T11:55:15Z,done,apple,2026-06-14T09:25:57+00:00
112,Am Trainer festhalten? Aber doch nicht in Lautern! (2. Liga | Männer),https://audio.podigee-cdn.net/1304845-m-c53515edb9eeacc4f0bd903d8f9353ae.m4a?source=feed,1000637915789,2023-12-08T09:15:17Z,done,apple,2026-06-14T09:25:57+00:00
113,Ibrahimovic macht den Sammer (Europa | Männer),https://audio.podigee-cdn.net/1286808-m-fca60b729ddbd4c19ba4db93419b3dd6.m4a?source=feed,1000638549506,2023-12-14T11:30:27Z,done,apple,2026-06-14T09:25:57+00:00
114,Hinrundenbilanz aller Teams (2. Liga | Männer),https://audio.podigee-cdn.net/1322124-m-087300323ed9cf9081e2e54e57290aca.m4a?source=feed,1000639539531,2023-12-23T17:05:25Z,done,apple,2026-06-14T09:25:57+00:00
115,Roma entlässt Mourinho und geht ins Risiko (Europa | Männer),https://audio.podigee-cdn.net/1342784-m-42fec081a2d47bc1b95f4e730cf5f8d3.m4a?source=feed,1000642092587,2024-01-18T12:30:24Z,done,apple,2026-06-14T09:25:57+00:00
116,Klopps Abschied von Liverpool (Europa | Männer),https://audio.podigee-cdn.net/1358076-m-9e700250ce85b959115629a781a3449e.m4a?source=feed,1000643800939,2024-02-01T13:05:50Z,done,apple,2026-06-14T09:25:57+00:00
117,Schafft Tim Walter endlich den Aufstieg? (2. Bundesliga | Männer),https://audio.podigee-cdn.net/1366516-m-27abc8bac20b560bc0e99ab2ccfbb0fe.m4a?source=feed,1000644687406,2024-02-08T21:55:44Z,done,apple,2026-06-14T09:25:57+00:00
118,Was ist da los beim FCK? (2. Bundesliga | Männer),https://audio.podigee-cdn.net/1377695-m-a61e2858b0f018ad061a17abeddde828.m4a?source=feed,1000646060818,2024-02-20T22:30:05Z,done,apple,2026-06-14T09:25:57+00:00
119,Ist Crystal Palace gut genug für Oliver Glasner? (Europa | Männer),https://audio.podigee-cdn.net/1379378-m-369fee93e80612667ee7888b1c4b6383.m4a?source=feed,1000646384462,2024-02-22T11:25:48Z,done,apple,2026-06-14T09:25:57+00:00
120,Arsenal: Unter dem Radar zum Titel? (Europa | Männer),https://audio.podigee-cdn.net/1395062-m-970948298d47d6118bc7b439e208f552.m4a?source=feed,1000648343878,2024-03-07T11:45:27Z,done,apple,2026-06-14T09:25:57+00:00
121,Eine Hertha-Rückrunde zum Gruseln (2. Bundesliga | Männer),https://audio.podigee-cdn.net/1404496-m-a3ba11fd858617d39cac7f852277c453.m4a?source=feed,1000649250458,2024-03-14T22:25:50Z,done,apple,2026-06-14T09:25:57+00:00
122,"Das ""neue"" Juve wankt (Europa | Männer)",https://audio.podigee-cdn.net/1410878-m-3939e6a4f43053852305e5d2d3fee3d4.m4a?source=feed,1000649988671,2024-03-21T11:30:41Z,done,apple,2026-06-14T09:25:57+00:00
123,Power-Ranking des Tabellenkellers! (2. Bundesliga | Männer),https://audio.podigee-cdn.net/1429459-m-7be95139c9a454244212e44eebe94c45.m4a?source=feed,1000651819198,2024-04-08T20:15:35Z,done,apple,2026-06-14T09:25:57+00:00
124,Pau Patrol: Cubarsi der beste Verteidiger der Welt? (Europa | Männer),https://audio.podigee-cdn.net/1440769-m-aef28a5008d42fcdce965da1c815032b.m4a?source=feed,1000652851022,2024-04-18T10:50:05Z,done,apple,2026-06-14T09:25:57+00:00
125,"Lass dich nicht hengen, Lautern! (2. Bundesliga | Männer)",https://audio.podigee-cdn.net/1447986-m-8598294343d0e4900407ffb24c57f1c0.m4a?source=feed,1000653500011,2024-04-24T21:05:10Z,done,apple,2026-06-14T09:25:57+00:00
126,Wembley reloaded? Bayern und BVB fehlt ein Schritt (Europa | Männer),https://audio.podigee-cdn.net/1455231-m-2e6c08da637bcaef4313921b484e8f32.m4a?source=feed,1000654300035,2024-05-02T09:40:54Z,done,apple,2026-06-14T09:25:57+00:00
127,Derby-Siege für die Seele (2. Bundesliga | M),https://audio.podigee-cdn.net/1461281-m-9b7e586c1d460b39ce0b2edc44cf8db4.m4a?source=feed,1000654841905,2024-05-07T18:25:25Z,done,apple,2026-06-14T09:25:57+00:00
128,Atalanta: In Topform gegen Leverkusen? (Europa | Männer),https://audio.podigee-cdn.net/1470480-m-fbb18ae2010baac6334a710a25ab0461.m4a?source=feed,1000655777796,2024-05-16T09:50:34Z,done,apple,2026-06-14T09:25:57+00:00
129,Bilanz aller Teams (2. Liga | Männer),https://audio.podigee-cdn.net/1488912-m-070ce6d00bacf6b8c40b966d1689dae1.m4a?source=feed,1000657655018,2024-06-03T14:10:50Z,done,apple,2026-06-14T09:25:57+00:00
130,Toni Kroos: Die unverstandene Ikone (Europa | Männer),https://audio.podigee-cdn.net/1489842-m-1df392bc653193e3f72ebf87fe851a73.m4a?source=feed,1000657826729,2024-06-04T16:15:49Z,done,apple,2026-06-14T09:25:57+00:00
131,"Schalke: Zu abhängig von Ben Manga? (2. Liga Männer, SVD, S04)",https://audio.podigee-cdn.net/1591941-m-12e26b27a43da49b77e7a5154adeb34b.m4a?source=feed,1000669206087,2024-09-11T21:53:00Z,done,apple,2026-06-14T09:25:57+00:00
132,"Roma, Ajax, City, Barca, Villa, Napoli, Feyernoord & mehr  (Europa | Männer)",https://audio.podigee-cdn.net/1602928-m-111ff0ccd0d44a709bd1d9bc5964b552.m4a?source=feed,1000670039411,2024-09-19T10:55:13Z,done,apple,2026-06-14T09:25:57+00:00
133,"Thioune im Hypetrain, Klose vor Rauswurf? (2. Liga | Männer, F95, FCN)",https://audio.podigee-cdn.net/1608623-m-ca6adb165a0b49eb4d19b5f5b9db65ea.m4a?source=feed,1000670563890,2024-09-24T18:17:00Z,done,apple,2026-06-14T09:25:57+00:00
134,"Juve, Liverpool, Monaco, PSG, Como, Villareal, Fulham & viele mehr (Ligatour Europa | M)",https://audio.podigee-cdn.net/1619666-m-15cec9ad9707bea27d1b363b1e07b526.m4a?source=feed,1000671655978,2024-10-03T10:15:26Z,done,apple,2026-06-14T09:25:57+00:00
135,"Karlsruhes Kontinuität und Hannovers Heimstärke (2. Liga | Männer, KSC, H96)",https://audio.podigee-cdn.net/1624954-m-5fffcf2439aa5e405c291238aa0c3b38.m4a?source=feed,1000672280764,2024-10-08T21:30:45Z,done,apple,2026-06-14T09:25:57+00:00
136,"Tuchel ""beste Entscheidung der FA jemals"", Barca, Milan, Lens & viele mehr (Europa | Männer)",https://audio.podigee-cdn.net/1636013-m-8ce9ca59de61fa0a77d259d8701c9a41.m4a?source=feed,1000673425955,2024-10-17T10:32:00Z,done,apple,2026-06-14T09:25:57+00:00
137,"Münsters Reise in die 2. Liga und Magdeburger Glückseligkeit (2. Liga | Männer, FCM, PRM)",https://audio.podigee-cdn.net/1641641-m-58c84a8493627501c6694605e9c60b14.m4a?source=feed,1000674046807,2024-10-22T19:00:09Z,done,apple,2026-06-14T09:25:57+00:00
138,"United, Real, Napoli, Utrecht, Arsenal, Lazio & viele mehr (Europa | Männer)",https://audio.podigee-cdn.net/1649602-m-5672572e5349ee4cc5eccddbf72391fe.m4a?source=feed,1000675209009,2024-10-31T12:55:04Z,done,apple,2026-06-14T09:25:57+00:00
139,"Tiefpunkt in Fürth und Fragezeichen in Köln (2.Liga | Männer, KOE, SGF)",https://audio.podigee-cdn.net/1649628-m-567c3fe8cf3716f4bed5046d66dcde92.m4a?source=feed,1000675810989,2024-11-05T19:30:41Z,done,apple,2026-06-14T09:25:57+00:00
140,"Brighton, Florenz, Marseille, Villareal, Roma, Nizza, Nottingham & viele mehr (Europa | Männer)",https://audio.podigee-cdn.net/1671432-m-276b48b8fe26b46f9463a48a79aa5804.m4a?source=feed,1000677011204,2024-11-14T22:00:46Z,done,apple,2026-06-14T09:25:57+00:00
141,"Paderborns Höhenflug, Ulms Aufstiegswahnsinn (2. Liga | Männer, SCP, SSV)",https://audio.podigee-cdn.net/1678268-m-3e98a3e802d3316a3e4374f963a21ca5.m4a?source=feed,1000677526078,2024-11-19T20:25:48Z,done,apple,2026-06-14T09:25:57+00:00
142,"Atalanta, Valencia, City, Real, Rennes, Lazio u.v.m, (Europa | Männer)",https://audio.podigee-cdn.net/1694004-m-2d8ff3dfd373884b875cd56caccef53c.m4a?source=feed,1000678519881,2024-11-28T11:30:39Z,done,apple,2026-06-14T09:25:57+00:00
143,"Defensivsorgen beim Jahn und gute Stimmung bei der ELV (2. Liga | Männer, SVE, SSV)",https://audio.podigee-cdn.net/1311146-m-f53abbb2dafc5ef95893ebbfd2e30070.m4a?source=feed,1000678948669,2024-12-02T19:50:46Z,done,apple,2026-06-14T09:25:57+00:00
144,"Athletic, Tottenham, Lazio, Wettanbieter in der Eredivisie u.v.m. (Europa | Männer)",https://audio.podigee-cdn.net/1712563-m-44a5b650bec2c18652a43aeaf3b76bad.m4a?source=feed,1000680259372,2024-12-13T12:06:00Z,done,apple,2026-06-14T09:25:57+00:00
145,"Herthas Struggle und Murmeltiertage beim BTSV (2. Liga | Männer, BSC, BTSV)",https://audio.podigee-cdn.net/1757534-m-e82a4aa21e87cfe250146d020d496158.m4a?source=feed,1000684748495,2025-01-20T20:23:27Z,done,apple,2026-06-14T09:25:57+00:00
146,Das wären Kandidaten für den BVB! (Europa | Männer),https://audio.podigee-cdn.net/38872-m-25afb5088b6a0d663535f697506c8d56.m4a?source=feed,1000686697846,2025-01-29T11:48:00Z,done,apple,2026-06-14T09:25:57+00:00
147,"Endlich zurück ins Oberhaus? (2. Liga | Männer, HSV, FCK)",https://audio.podigee-cdn.net/1786435-m-fc233d82a99bec1ef31a608174c0af40.m4a?source=feed,1000691191483,2025-02-11T19:40:58Z,done,apple,2026-06-14T09:25:57+00:00
148,"Real, Milan, Bournemouth, Ajax u.v.m. (Europa | Männer)",https://audio.podigee-cdn.net/1790757-m-f684c1c7f5280090acea5df548be2c78.m4a?source=feed,1000691845355,2025-02-13T12:51:00Z,done,apple,2026-06-14T09:25:57+00:00
149,"Kölner Spitzenreiter-Blues und Rebbe-Beben beim Club (2. Liga | Männer, KOE, FCN)",https://audio.podigee-cdn.net/1797921-m-18615fa9788457d1b4941fa428d595c8.m4a?source=feed,1000693704108,2025-02-18T19:55:00Z,done,apple,2026-06-14T09:25:57+00:00
150,"Roma, Liverpool, Copa del Rey, Juve, Leicester u.v.m. (Europa | M)",https://audio.podigee-cdn.net/1809112-m-c680d7052f31b5d1474dda469d59e3ee.m4a?source=feed,1000696525686,2025-02-27T11:32:00Z,done,apple,2026-06-14T09:25:57+00:00
151,"Geschäftsführerchaos und Abstiegssorgen (2. Liga | Männer, H96, SVD)",https://audio.podigee-cdn.net/1813213-m-2fb9cb476c3abf79c5d64e758c9a25ca.m4a?source=feed,1000697705094,2025-03-04T19:40:39Z,done,apple,2026-06-14T09:25:57+00:00
152,"Atletico, Napoli, Atalanta, Inter, Southampton, Feyernoord u.v.m (Europa | M)",https://audio.podigee-cdn.net/1828617-m-9cf29b53112011e2bf851b2e05eda30d.m4a?source=feed,1000699026737,2025-03-13T12:02:00Z,done,apple,2026-06-14T09:25:57+00:00
153,"Aufstiegshoffnung und Zukunftssorgen (2. Liga | Männer, F95, S04)",https://audio.podigee-cdn.net/1834136-m-b10bcde20f70a338857525a22ec6d12e.m4a?source=feed,1000699721358,2025-03-18T21:50:57Z,done,apple,2026-06-14T09:25:57+00:00
154,"Spaß am Aufbau & Umbruchsfantasien (2. Liga | Männer, ELV, KSC)",https://audio.podigee-cdn.net/1853786-m-0dc9c090da39efb9d8e9a05798640c13.m4a?source=feed,1000701781093,2025-04-01T19:35:00Z,done,apple,2026-06-14T09:25:57+00:00
155,"Zwischen Titz-Treue und Kwasniok-Knall (2. Liga | Männer, FCM, SCP)",https://audio.podigee-cdn.net/1875990-m-fea08ca0cd0559a64d5f6d6b6e1d211e.m4a?source=feed,1000703649182,2025-04-15T19:25:00Z,done,apple,2026-06-14T09:25:57+00:00
156,"Liverpool, Inter, Napoli, Barca, Real, Ajax u.v.m. (Europa | M)",https://audio.podigee-cdn.net/1899128-m-2bb44a8a92b828a555eb6f0046cf4306.m4a?source=feed,1000705391729,2025-04-29T10:40:32Z,done,apple,2026-06-14T09:25:57+00:00
157,"Aufstiegsangst und Abstiegskampf (2. Liga | Männer, HSV, BTSV)",https://audio.podigee-cdn.net/1899068-m-7102012c0920f33069ee1de9d4f075a5.m4a?source=feed,1000705441989,2025-04-29T18:30:50Z,done,apple,2026-06-14T09:25:57+00:00
158,"Auf- und Abstiegs-Special vor Saisonfinale (2. Liga | Männer, KOE, SGF)",https://audio.podigee-cdn.net/1922777-m-5a8589cdfcb46740933cab8ffff94388.m4a?source=feed,1000708376120,2025-05-13T20:45:34Z,done,apple,2026-06-14T09:25:57+00:00
159,Zweitligaprognose und Formatänderung (2. Liga Männer I 1.Spieltag),https://audio.podigee-cdn.net/2045442-m-638aa0c2d0a8e0e742d2889d7fdd06a3.m4a?source=feed,1000720508877,2025-08-03T19:24:00Z,done,apple,2026-06-14T09:25:57+00:00
160,"Hannover auf Platz 1, Nürnberg in der Krise (2. Liga | Männer)",https://audio.podigee-cdn.net/2063977-m-9c9ba4e2d2dfc111ab8739ccbb7f037a.m4a?source=feed,1000723429217,2025-08-25T10:54:00Z,done,apple,2026-06-14T09:25:57+00:00
161,Die Transfergewinner der 2. Liga (2. Liga | Männer),https://audio.podigee-cdn.net/2072619-m-9c58074dae4a6a2f90e16029069a3d66.m4a?source=feed,1000725413971,2025-09-07T20:06:00Z,done,apple,2026-06-14T09:25:57+00:00
162,"Transferfenster, Liverpool, Juve, Real, Lyon, Woltemade u.v.m (Europa | M)",https://audio.podigee-cdn.net/2114922-m-8c04cfcc5f765e30a0850e744fea25ff.m4a?source=feed,1000727324995,2025-09-18T09:36:00Z,done,apple,2026-06-14T09:25:57+00:00
163,Die Gewinner und Verlierer des Zweitliga-Starts (2. Liga | Männer),https://audio.podigee-cdn.net/2121948-m-77a0aa5a3e44804638b8e416cfe64a8f.m4a?source=feed,1000727770539,2025-09-21T20:50:00Z,done,apple,2026-06-14T09:25:57+00:00
164,"Elche, Crystal Palace, PSG, Feyernoord, Multi-Club-Ownership u.v.m. (Europa I M)",https://audio.podigee-cdn.net/2138652-m-1f6052f42a60295a53f952ef824e019f.m4a?source=feed,1000729681662,2025-10-02T09:48:00Z,done,apple,2026-06-14T09:25:57+00:00
165,"Braunschweig zweifelt an Backhaus, der KSC liebt Eichner (2. Liga | Männer)",https://audio.podigee-cdn.net/1024930-m-ad071da1e2292f165682faa1c7b2183a.m4a?source=feed,1000730285261,2025-10-05T18:50:00Z,done,apple,2026-06-14T09:25:57+00:00
166,"Fortuna ohne Glück, Fürth ohne Konstanz (2.Liga l Männer)",https://audio.podigee-cdn.net/2164905-m-f5f2ca66fb0730053be0cdb6bf578b62.m4a?source=feed,1000733755266,2025-10-27T20:02:00Z,done,apple,2026-06-14T09:25:57+00:00
167,"Clásico, Arsenal, Juve, Groningen, Monaco, Liverpool u.v.m. (Europa | M)",https://audio.podigee-cdn.net/2184389-m-d044c778892f2894db0e25069d10c595.m4a?source=feed,1000734200024,2025-10-30T11:13:00Z,done,apple,2026-06-14T09:25:57+00:00
168,"Muslic-Magie, alte Titz-Schwächen & Hertha-Comeback (2. Liga | Männer)",https://audio.podigee-cdn.net/2202336-m-d3edf9f71e17ae32f115402c0355390a.m4a?source=feed,1000735994417,2025-11-09T20:00:00Z,done,apple,2026-06-14T09:25:57+00:00
169,"City, Rennes, Barca, Ajax, Milan, u.v.m. (Europa I M)",https://audio.podigee-cdn.net/2207079-m-230910a9425a92505df49a6f09feb3de.m4a?source=feed,1000736574227,2025-11-13T10:49:00Z,done,apple,2026-06-14T09:25:57+00:00
170,"Slot, La Liga, Leeds, Marseille, Roma, u.v.m. (Europa I M)",https://audio.podigee-cdn.net/2228080-m-f5c999df0b39daeecd3d3a288b22663b.m4a?source=feed,1000738660951,2025-11-27T11:29:00Z,done,apple,2026-06-14T09:25:57+00:00
171,Trainerwechsel in Fürth & Überraschung in Magdeburg (2. Liga | Männer),https://audio.podigee-cdn.net/2228228-m-dc92a02a97a512082a6ed81339219489.m4a?source=feed,1000739184537,2025-12-01T20:22:00Z,done,apple,2026-06-14T09:25:57+00:00
172,Alonso vor dem Rauswurf – Mo Salah auch? (Europa | M),https://audio.podigee-cdn.net/2248961-m-0aaa40e1c6a915657ade890e8da80d24.m4a?source=feed,1000740833568,2025-12-11T11:07:00Z,done,apple,2026-06-14T09:25:57+00:00
173,Unser Hinrundenfazit (2. Liga | Männer),https://audio.podigee-cdn.net/2271303-m-94c08bd58b7a10c69118a73b5d5d7a0d.m4a?source=feed,1000742319476,2025-12-22T13:34:00Z,done,apple,2026-06-14T09:25:57+00:00
174,"Alonso, Mertesacker & Füllkrug, Lyon, u.v.m.  (Europa | M)",https://audio.podigee-cdn.net/2315142-m-969f05a7d4293756471ba36b1ca53721.m4a?source=feed,1000746197872,2026-01-22T11:31:00Z,done,apple,2026-06-14T09:25:57+00:00
175,Schalke im Dzeko-Hype - Der Rückrundenstart (2. Liga | Männer),https://audio.podigee-cdn.net/2315168-m-5d3be1a187dd2c5694df5e8e678ecea3.m4a?source=feed,1000746592488,2026-01-25T19:45:00Z,done,apple,2026-06-14T09:25:57+00:00
176,"Brighton, Olympique, Atletico, Inter u.v.m. (Europa | M)",https://audio.podigee-cdn.net/2337864-m-19f0f9f9882942823d2bc85ecabdc8f8.m4a?source=feed,1000748364740,2026-02-05T11:54:00Z,done,apple,2026-06-14T09:25:57+00:00
177,Schalkes Schwächen und Fortunas Aufschwung (2. Liga | Männer),https://audio.podigee-cdn.net/2337847-m-be3b7eae75c599b85186a9028d54e09b.m4a?source=feed,1000748955169,2026-02-09T18:48:00Z,done,apple,2026-06-14T09:25:57+00:00
178,"Juve, Marseille, Vini Jr., Tottenham u.v.m. (Europa | M)",https://audio.podigee-cdn.net/2361424-m-2b94a251411a8d2f33ff325e121f4966.m4a?source=feed,1000750492983,2026-02-19T13:47:00Z,done,apple,2026-06-14T09:25:57+00:00
179,"Arsenals Standards, Atalanta, Rennes, Inter, u.v.m. (Europa | M)",https://audio.podigee-cdn.net/2384095-m-2de783cc1eb5f52fc2d08a577cd1ec0f.m4a?source=feed,1000753317021,2026-03-05T10:45:00Z,done,apple,2026-06-14T09:25:57+00:00
180,25. Spieltag: Eine Liga im Chaos (2. Liga | Männer),https://audio.podigee-cdn.net/2384107-m-be12e02a3ef224027b9cfe26ee5817f1.m4a?source=feed,1000754112369,2026-03-09T22:15:00Z,done,apple,2026-06-14T09:25:57+00:00
181,"Como, Manchester United, Real Madrid, u.v.m. (Europa | M)",https://audio.podigee-cdn.net/2406726-m-b3711ed6205ad337445d85c13ac67b16.m4a?source=feed,1000756129884,2026-03-19T11:28:00Z,done,apple,2026-06-14T09:25:57+00:00
182,27. Spieltag: Zwischen Aufstiegsträumen und Abstiegsangst (2. Liga | Männer),https://audio.podigee-cdn.net/2410681-m-224496aa07b68f2b7fc22d185b2dd000.m4a?source=feed,1000756620090,2026-03-22T20:15:00Z,done,apple,2026-06-14T09:25:57+00:00
183,"29. Spieltag: Fortuna entlässt Anfang, Tendenzen an der Tabellenspitze? (2. Liga | Männer)",https://audio.podigee-cdn.net/2444809-m-545d2e4f5c2b3f58700cbcae944d6913.m4a?source=feed,1000761163682,2026-04-13T20:00:00Z,done,apple,2026-06-14T09:25:57+00:00
184,"Arsenal, La Real, Juve, Chelsea u.v.m. (Europa | M)",https://audio.podigee-cdn.net/2463467-m-434a14a5d1b28e21aec88cef8721e2db.m4a?source=feed,1000763229603,2026-04-23T09:50:00Z,done,apple,2026-06-14T09:25:57+00:00
185,31.Spieltag: Big Points für die drei B's  (2. Liga | Männer),https://audio.podigee-cdn.net/2471857-m-44174e848a4e5f1ce8025cad71398c02.m4a?source=feed,1000763897969,2026-04-27T19:07:00Z,done,apple,2026-06-14T09:25:57+00:00
186,"Bayern - PSG, Arsenal - Atletico, Inter, Nijmegen u.v.m. (Europa | M)",https://audio.podigee-cdn.net/2482464-m-376ab47cca02284d8dfce00751b307cc.m4a?source=feed,1000766606420,2026-05-07T10:40:00Z,done,apple,2026-06-14T09:25:57+00:00
187,33. Spieltag: Der Auf- und Abstiegskampf vorm Saisonfinale (2. Liga | Männer),https://audio.podigee-cdn.net/2484556-m-334c40681d3ee07495445e024625e651.m4a?source=feed,1000767079017,2026-05-10T19:00:00Z,done,apple,2026-06-14T09:25:57+00:00
188,Unser großer Saisonabschluss (Europa | M),https://audio.podigee-cdn.net/2508247-m-b81db277b82ac4e468c35575dcf453dd.m4a?source=feed,1000770583190,2026-06-01T13:38:00Z,done,apple,2026-06-14T09:25:57+00:00
189,Zweitliga-Awards: Die Tabelle lügt (fast) nie! (2. Liga | Männer),https://audio.podigee-cdn.net/2513167-m-21a761b64fea0e5dea0da11f4e547f62.m4a?source=feed,1000771556730,2026-06-07T15:47:00Z,done,apple,2026-06-14T09:25:57+00:00
